{"train_set_evaluation": {"r2": 0.5465578028869889, "mse": 127.04087568602216, "rmse": 11.27124108898493, "mae": 8.787173321658933, "var": 153.07396021984445}, "test_set_evaluation": {"r2": 0.39945971042454187, "mse": 119.82665743861808, "rmse": 10.946536321531942, "mae": 8.8301082554158, "var": 107.83512985483064}}