{"train_set_evaluation": {"r2": 0.4938577275000774, "r2adj": 0.49351223789427534, "meanSquaredError": 141.80585293890897, "meanAbsoluteError": 9.456835919380872, "rootMeanSquaredError": 11.90822627173791, "explainedVariance": 138.36409263500096}, "test_set_evaluation": {"r2": 0.36849851387241117, "mse": 126.0043889872617, "rmse": 11.22516765965042, "mae": 9.088448937394945, "var": 100.98378192000003}}