{"train_set_evaluation": {"r2": 0.5458651203913754, "mse": 127.23494450311811, "rmse": 11.27984682977203, "mae": 8.777943225631587, "var": 152.9350010707153}, "test_set_evaluation": {"r2": 0.39626991034219594, "mse": 120.46312278224246, "rmse": 10.975569360276598, "mae": 8.86062537958424, "var": 107.94630338368303}}