{"train_set_evaluation": {"r2": 0.5456311306557262, "mse": 127.30050139461979, "rmse": 11.282752385593676, "mae": 8.793150427647346, "var": 152.52939003930905}, "test_set_evaluation": {"r2": 0.3965807511157361, "mse": 120.40110028094571, "rmse": 10.972743516593546, "mae": 8.874676533803735, "var": 107.93778823612251}}