{"13": {"2": {"silhouette_k": 0.393704443708225, "wssd_k": 73.24640528315189}, "6": {"silhouette_k": 0.36994776213537056, "wssd_k": 30.479601081990452}, "10": {"silhouette_k": 0.28738504965249817, "wssd_k": 26.791111737366762}, "14": {"silhouette_k": 0.21645756936087743, "wssd_k": 24.19952126191959}, "18": {"silhouette_k": 0.17387295350217916, "wssd_k": 23.18339132061873}, "22": {"silhouette_k": 0.1763644635496247, "wssd_k": 22.083496744286045}, "26": {"silhouette_k": 0.16560311843283515, "wssd_k": 21.049315678710414}, "30": {"silhouette_k": 0.14647622563325052, "wssd_k": 20.639706922004216}, "34": {"silhouette_k": 0.1537817495716508, "wssd_k": 20.272217456974804}, "38": {"silhouette_k": 0.13458662167204669, "wssd_k": 19.55958822790188}, "42": {"silhouette_k": 0.13968977334396884, "wssd_k": 19.183181607540313}, "46": {"silhouette_k": 0.150070248350904, "wssd_k": 19.038397754170333}, "50": {"silhouette_k": 0.1358278099311053, "wssd_k": 18.58496170007062}, "54": {"silhouette_k": 0.13449077201018816, "wssd_k": 17.95186937699373}, "58": {"silhouette_k": 0.13293922383203152, "wssd_k": 17.665918749235978}, "62": {"silhouette_k": 0.1280915355236866, "wssd_k": 17.528540047971187}}, "12": {"2": {"silhouette_k": 0.7685185332162038, "wssd_k": 70.04474338185783}, "6": {"silhouette_k": 0.36147663940787456, "wssd_k": 33.0603452109123}, "10": {"silhouette_k": 0.28653989840513305, "wssd_k": 29.35582614143664}, "14": {"silhouette_k": 0.2042189978787365, "wssd_k": 26.39826360992752}, "18": {"silhouette_k": 0.17224303576367928, "wssd_k": 25.036961793456843}, "22": {"silhouette_k": 0.1589926588688494, "wssd_k": 24.176179194498392}, "26": {"silhouette_k": 0.1512539484775892, "wssd_k": 23.006471275665543}, "30": {"silhouette_k": 0.14943083866232307, "wssd_k": 22.388447200953028}, "34": {"silhouette_k": 0.144218295374987, "wssd_k": 21.621426689868724}, "38": {"silhouette_k": 0.1388110637660124, "wssd_k": 21.37409896774738}, "42": {"silhouette_k": 0.13186052711938806, "wssd_k": 20.613937370080453}, "46": {"silhouette_k": 0.12782604827133218, "wssd_k": 20.413269429421533}, "50": {"silhouette_k": 0.1309085872872768, "wssd_k": 20.072859403441317}, "54": {"silhouette_k": 0.12189225952812315, "wssd_k": 19.665136401364837}, "58": {"silhouette_k": 0.12909385681337807, "wssd_k": 19.365024974077354}, "62": {"silhouette_k": 0.1215413945320166, "wssd_k": 19.022380276002817}}, "11": {"2": {"silhouette_k": 0.767058950139579, "wssd_k": 71.99204469144983}, "6": {"silhouette_k": 0.3480732738839791, "wssd_k": 34.54593657281861}, "10": {"silhouette_k": 0.282036966235869, "wssd_k": 30.340497208722333}, "14": {"silhouette_k": 0.20066999462781457, "wssd_k": 27.77347091037637}, "18": {"silhouette_k": 0.1727556657804959, "wssd_k": 26.556309973062763}, "22": {"silhouette_k": 0.15633561955481756, "wssd_k": 25.10615183010294}, "26": {"silhouette_k": 0.14534028916635566, "wssd_k": 24.92489516160446}, "30": {"silhouette_k": 0.14993789904922797, "wssd_k": 23.52704085990183}, "34": {"silhouette_k": 0.13648935515074667, "wssd_k": 23.352767241426797}, "38": {"silhouette_k": 0.13709495161865812, "wssd_k": 22.16877622349213}, "42": {"silhouette_k": 0.12092298877694412, "wssd_k": 21.965189036929342}, "46": {"silhouette_k": 0.12866907996833046, "wssd_k": 21.547473668263358}, "50": {"silhouette_k": 0.11987029645252414, "wssd_k": 21.39363601400786}, "54": {"silhouette_k": 0.12402439959733072, "wssd_k": 21.04411552199421}, "58": {"silhouette_k": 0.1122555238932804, "wssd_k": 20.594373787668395}, "62": {"silhouette_k": 0.11700774376209641, "wssd_k": 20.212537797194564}}, "10": {"2": {"silhouette_k": 0.7703444020362575, "wssd_k": 66.11964853969421}, "6": {"silhouette_k": 0.3234310234496626, "wssd_k": 32.16479363119579}, "10": {"silhouette_k": 0.25030942826511554, "wssd_k": 29.304105022753088}, "14": {"silhouette_k": 0.19906253396123705, "wssd_k": 26.444762819860763}, "18": {"silhouette_k": 0.1633840897586538, "wssd_k": 25.138202507698306}, "22": {"silhouette_k": 0.1476812790640963, "wssd_k": 24.126409242152697}, "26": {"silhouette_k": 0.14174188738563165, "wssd_k": 23.516417364139354}, "30": {"silhouette_k": 0.136681550012004, "wssd_k": 22.066794838019316}, "34": {"silhouette_k": 0.11981444792209313, "wssd_k": 22.012605080150756}, "38": {"silhouette_k": 0.120930492280991, "wssd_k": 21.39135256957194}, "42": {"silhouette_k": 0.1170292677438858, "wssd_k": 21.067144161837774}, "46": {"silhouette_k": 0.11078780879460216, "wssd_k": 20.340636117180093}, "50": {"silhouette_k": 0.11072192137070654, "wssd_k": 19.96390064123889}, "54": {"silhouette_k": 0.10827619681579179, "wssd_k": 19.729132140113443}, "58": {"silhouette_k": 0.1064753146601533, "wssd_k": 19.46201264830524}, "62": {"silhouette_k": 0.1072246920957553, "wssd_k": 19.171300762197795}}, "09": {"2": {"silhouette_k": 0.6950982953307209, "wssd_k": 65.75353540805023}, "6": {"silhouette_k": 0.3397215905812612, "wssd_k": 34.44564707343897}, "10": {"silhouette_k": 0.23687872132972404, "wssd_k": 28.99274758498245}, "14": {"silhouette_k": 0.18173988351081732, "wssd_k": 26.455367964095235}, "18": {"silhouette_k": 0.16125329744635558, "wssd_k": 25.266235972732883}, "22": {"silhouette_k": 0.15044323444161178, "wssd_k": 24.19245037810639}, "26": {"silhouette_k": 0.14288058739958537, "wssd_k": 23.372147905016025}, "30": {"silhouette_k": 0.13593729310822594, "wssd_k": 22.751401504370282}, "34": {"silhouette_k": 0.11808859425254187, "wssd_k": 22.25234924987475}, "38": {"silhouette_k": 0.11848664492305178, "wssd_k": 21.626021193284025}, "42": {"silhouette_k": 0.1133900733616181, "wssd_k": 20.962666475011712}, "46": {"silhouette_k": 0.11141550217964882, "wssd_k": 20.536195640989085}, "50": {"silhouette_k": 0.11729759859875714, "wssd_k": 20.364457343722016}, "54": {"silhouette_k": 0.08616348084257626, "wssd_k": 20.227163515916025}, "58": {"silhouette_k": 0.10882949404414738, "wssd_k": 19.883458589418495}, "62": {"silhouette_k": 0.10624038599835209, "wssd_k": 19.47576359943864}}, "08": {"2": {"silhouette_k": 0.6828746209364648, "wssd_k": 65.39578932912868}, "6": {"silhouette_k": 0.27182295161116704, "wssd_k": 35.476495205345685}, "10": {"silhouette_k": 0.24174359845904383, "wssd_k": 30.479751148686926}, "14": {"silhouette_k": 0.20174724459932697, "wssd_k": 28.41138654497345}, "18": {"silhouette_k": 0.15328046522744407, "wssd_k": 26.61458945718856}, "22": {"silhouette_k": 0.15961229472644956, "wssd_k": 26.53705637917789}, "26": {"silhouette_k": 0.1302341029090197, "wssd_k": 25.104601956170242}, "30": {"silhouette_k": 0.11927486973138751, "wssd_k": 24.284921018103894}, "34": {"silhouette_k": 0.1171870913041651, "wssd_k": 23.994805244803786}, "38": {"silhouette_k": 0.10591924283467408, "wssd_k": 23.26555568700641}, "42": {"silhouette_k": 0.11928005986654394, "wssd_k": 22.741636365113486}, "46": {"silhouette_k": 0.09748412030151302, "wssd_k": 22.328931174948274}, "50": {"silhouette_k": 0.09254057832925165, "wssd_k": 22.161953209057693}, "54": {"silhouette_k": 0.09278711641306894, "wssd_k": 21.822835808203404}, "58": {"silhouette_k": 0.09702646748407609, "wssd_k": 21.355035903615224}, "62": {"silhouette_k": 0.09532259006387236, "wssd_k": 21.12379685308024}}, "07": {"2": {"silhouette_k": 0.29633839860987937, "wssd_k": 58.460977465457376}, "6": {"silhouette_k": 0.249574229869473, "wssd_k": 29.909998407681268}, "10": {"silhouette_k": 0.20915762054499984, "wssd_k": 27.42071364102063}, "14": {"silhouette_k": 0.17044995473641933, "wssd_k": 25.049448383373104}, "18": {"silhouette_k": 0.14458198252085794, "wssd_k": 24.01696826668879}, "22": {"silhouette_k": 0.1503812437450073, "wssd_k": 23.367778303539918}, "26": {"silhouette_k": 0.11898958975160956, "wssd_k": 22.355028822757255}, "30": {"silhouette_k": 0.11036380374870143, "wssd_k": 21.95278344691395}, "34": {"silhouette_k": 0.0950378952290619, "wssd_k": 21.135603609466163}, "38": {"silhouette_k": 0.10789503219849728, "wssd_k": 20.711284058293977}, "42": {"silhouette_k": 0.09437049762377951, "wssd_k": 20.3779004793208},