{"train_set_evaluation": {"f1": 0.42540806139901605, "accuracy": 0.43162983425414364, "weightedPrecision": 0.4441995770480976, "weightedRecall": 0.4316298342541436, "weightedTruePositiveRate": 0.4316298342541436, "weightedFalsePositiveRate": 0.14135957622336306, "weightedFMeasure": 0.42540806139901605, "truePositiveRateByLabel": 0.5932203389830508, "falsePositiveRateByLabel": 0.07285342584562012, "precisionByLabel": 0.6756756756756757, "recallByLabel": 0.5932203389830508, "fMeasureByLabel": 0.631768953068592}, "test_set_evaluation": {"f1": 0.2621327546299155, "accuracy": 0.2556818181818182, "weightedPrecision": 0.30235205548930355, "weightedRecall": 0.2556818181818182, "weightedTruePositiveRate": 0.2556818181818182, "weightedFalsePositiveRate": 0.17162426614481407, "weightedFMeasure": 0.2621327546299155, "truePositiveRateByLabel": 0.43902439024390244, "falsePositiveRateByLabel": 0.08888888888888889, "precisionByLabel": 0.6, "recallByLabel": 0.43902439024390244, "fMeasureByLabel": 0.5070422535211268}}