{"train_set_evaluation": {"accuracy": 0.4903314917127072, "falsePositiveRateByLabel": [0.09366869037294015, 0.16652059596844873, 0.06660899653979238, 0.23380035026269702, 0.08], "precisionByLabel": [0.6516129032258065, 0.42073170731707316, 0.536144578313253, 0.4, 0.5175879396984925], "recallByLabel": [0.6847457627118644, 0.4495114006514658, 0.3047945205479452, 0.5816993464052288, 0.4153225806451613], "truePositiveRateByLabel": [0.6847457627118644, 0.4495114006514658, 0.3047945205479452, 0.5816993464052288, 0.4153225806451613], "weightedFalsePositiveRate": 0.13093012485658548, "weightedPrecision": 0.5032503221758635, "weightedRecall": 0.4903314917127072, "weightedTruePositiveRate": 0.4903314917127072, "fMeasureByLabel": [0.6677685950413222, 0.4346456692913386, 0.388646288209607, 0.47403462050599204, 0.46085011185682323], "weightedFMeasure": 0.4856754791313273}, "test_set_evaluation": {"f1": 0.28261428653354287, "accuracy": 0.2897727272727273, "weightedPrecision": 0.30845178310143934, "weightedRecall": 0.2897727272727273, "weightedTruePositiveRate": 0.2897727272727273, "weightedFalsePositiveRate": 0.16839470325282455, "weightedFMeasure": 0.28261428653354287, "truePositiveRateByLabel": 0.3902439024390244, "falsePositiveRateByLabel": 0.1111111111111111, "precisionByLabel": 0.5161290322580645, "recallByLabel": 0.3902439024390244, "fMeasureByLabel": 0.4444444444444444}}