{"train_set_evaluation": {"f1": 0.0715152025013846, "accuracy": 0.20781893004115226, "weightedPrecision": 0.04318870768344934, "weightedRecall": 0.20781893004115226, "weightedTruePositiveRate": 0.20781893004115226, "weightedFalsePositiveRate": 0.20781893004115226, "weightedFMeasure": 0.0715152025013846, "truePositiveRateByLabel": 0.0, "falsePositiveRateByLabel": 0.0, "precisionByLabel": 0.0, "recallByLabel": 0.0, "fMeasureByLabel": 0.0}, "test_set_evaluation": {"f1": 0.0659320699884967, "accuracy": 0.19879518072289157, "weightedPrecision": 0.03951952387864712, "weightedRecall": 0.19879518072289157, "weightedTruePositiveRate": 0.19879518072289157, "weightedFalsePositiveRate": 0.19879518072289157, "weightedFMeasure": 0.0659320699884967, "truePositiveRateByLabel": 0.0, "falsePositiveRateByLabel": 0.0, "precisionByLabel": 0.0, "recallByLabel": 0.0, "fMeasureByLabel": 0.0}}