{"train_set_evaluation": {"f1": 0.40410514198945613, "accuracy": 0.40525587828492393, "weightedPrecision": 0.421855486621674, "weightedRecall": 0.40525587828492393, "weightedTruePositiveRate": 0.40525587828492393, "weightedFalsePositiveRate": 0.14915701170517143, "weightedFMeasure": 0.40410514198945613, "truePositiveRateByLabel": 0.6220735785953178, "falsePositiveRateByLabel": 0.1037489102005231, "precisionByLabel": 0.6098360655737705, "recallByLabel": 0.6220735785953178, "fMeasureByLabel": 0.6158940397350994}, "test_set_evaluation": {"f1": 0.2678217160834138, "accuracy": 0.2808988764044944, "weightedPrecision": 0.2659472993240327, "weightedRecall": 0.2808988764044944, "weightedTruePositiveRate": 0.2808988764044944, "weightedFalsePositiveRate": 0.17826554637754732, "weightedFMeasure": 0.2678217160834138, "truePositiveRateByLabel": 0.5675675675675675, "falsePositiveRateByLabel": 0.15602836879432624, "precisionByLabel": 0.4883720930232558, "recallByLabel": 0.5675675675675675, "fMeasureByLabel": 0.525}}