{"train_set_evaluation": {"f1": 0.31552533412719413, "accuracy": 0.3567530695770805, "weightedPrecision": 0.3606773775469474, "weightedRecall": 0.3567530695770804, "weightedTruePositiveRate": 0.3567530695770804, "weightedFalsePositiveRate": 0.16733636885943706, "weightedFMeasure": 0.31552533412719413, "truePositiveRateByLabel": 0.7377049180327869, "falsePositiveRateByLabel": 0.21188630490956073, "precisionByLabel": 0.47770700636942676, "recallByLabel": 0.7377049180327869, "fMeasureByLabel": 0.5798969072164949}, "test_set_evaluation": {"f1": 0.3227396303449325, "accuracy": 0.37341772151898733, "weightedPrecision": 0.35423382341379034, "weightedRecall": 0.3734177215189873, "weightedTruePositiveRate": 0.3734177215189873, "weightedFalsePositiveRate": 0.15997294341234222, "weightedFMeasure": 0.3227396303449325, "truePositiveRateByLabel": 0.7096774193548387, "falsePositiveRateByLabel": 0.1889763779527559, "precisionByLabel": 0.4782608695652174, "recallByLabel": 0.7096774193548387, "fMeasureByLabel": 0.5714285714285714}}