{"train_set_evaluation": {"accuracy": 0.2074688796680498, "falsePositiveRateByLabel": [0.26068003487358327, 0.2005231037489102, 0.13275109170305677, 0.2928321678321678, 0.10824313072439634], "precisionByLabel": [0.20899470899470898, 0.2150170648464164, 0.1111111111111111, 0.24887892376681614, 0.17721518987341772], "recallByLabel": [0.26421404682274247, 0.21070234113712374, 0.06312292358803986, 0.3675496688741722, 0.11428571428571428], "truePositiveRateByLabel": [0.26421404682274247, 0.21070234113712374, 0.06312292358803986, 0.3675496688741722, 0.11428571428571428], "weightedFalsePositiveRate": 0.20249840855016416, "weightedPrecision": 0.19280990409371143, "weightedRecall": 0.20746887966804978, "weightedTruePositiveRate": 0.20746887966804978, "fMeasureByLabel": [0.2333825701624815, 0.21283783783783783, 0.08050847457627118, 0.2967914438502674, 0.13895781637717122], "weightedFMeasure": 0.19455645497561602}, "test_set_evaluation": {"f1": 0.1519675631704713, "accuracy": 0.16853932584269662, "weightedPrecision": 0.14611005346845243, "weightedRecall": 0.16853932584269662, "weightedTruePositiveRate": 0.16853932584269662, "weightedFalsePositiveRate": 0.2087522157896291, "weightedFMeasure": 0.1519675631704713, "truePositiveRateByLabel": 0.1891891891891892, "falsePositiveRateByLabel": 0.28368794326241137, "precisionByLabel": 0.14893617021276595, "recallByLabel": 0.1891891891891892, "fMeasureByLabel": 0.16666666666666666}}