{"train_set_evaluation": {"accuracy": 0.45435684647302904, "falsePositiveRateByLabel": [0.08544027898866609, 0.11159546643417612, 0.19213973799126638, 0.2229020979020979, 0.07327227310574522], "precisionByLabel": [0.6585365853658537, 0.42857142857142855, 0.36231884057971014, 0.4028103044496487, 0.4601226993865031], "recallByLabel": [0.6321070234113713, 0.3210702341137124, 0.4152823920265781, 0.5695364238410596, 0.30612244897959184], "truePositiveRateByLabel": [0.6321070234113713, 0.3210702341137124, 0.4152823920265781, 0.5695364238410596, 0.30612244897959184], "weightedFalsePositiveRate": 0.13970670089498075, "weightedPrecision": 0.4622974000520244, "weightedRecall": 0.45435684647302904, "weightedTruePositiveRate": 0.45435684647302904, "fMeasureByLabel": [0.6450511945392492, 0.367112810707457, 0.3869969040247678, 0.4718792866941015, 0.3676470588235294], "weightedFMeasure": 0.45069445343955994}, "test_set_evaluation": {"f1": 0.33161316264602236, "accuracy": 0.34269662921348315, "weightedPrecision": 0.34028498605671875, "weightedRecall": 0.34269662921348315, "weightedTruePositiveRate": 0.34269662921348315, "weightedFalsePositiveRate": 0.16245208061787073, "weightedFMeasure": 0.33161316264602236, "truePositiveRateByLabel": 0.6216216216216216, "falsePositiveRateByLabel": 0.10638297872340426, "precisionByLabel": 0.6052631578947368, "recallByLabel": 0.6216216216216216, "fMeasureByLabel": 0.6133333333333333}}