{"train_set_evaluation": {"f1": 0.26910860258380126, "accuracy": 0.3002056202878684, "weightedPrecision": 0.2907051091346521, "weightedRecall": 0.3002056202878684, "weightedTruePositiveRate": 0.3002056202878684, "weightedFalsePositiveRate": 0.18000225646835535, "weightedFMeasure": 0.26910860258380126, "truePositiveRateByLabel": 0.7558528428093646, "falsePositiveRateByLabel": 0.2353448275862069, "precisionByLabel": 0.4529058116232465, "recallByLabel": 0.7558528428093646, "fMeasureByLabel": 0.5664160401002506}, "test_set_evaluation": {"f1": 0.27774650504295406, "accuracy": 0.3151515151515151, "weightedPrecision": 0.29454464502997724, "weightedRecall": 0.3151515151515152, "weightedTruePositiveRate": 0.3151515151515152, "weightedFalsePositiveRate": 0.16813486230463842, "weightedFMeasure": 0.27774650504295406, "truePositiveRateByLabel": 0.8108108108108109, "falsePositiveRateByLabel": 0.2109375, "precisionByLabel": 0.5263157894736842, "recallByLabel": 0.8108108108108109, "fMeasureByLabel": 0.6382978723404256}}