{"train_set_evaluation": {"r2": 0.7391537320775037, "mse": 71.3554657491443, "rmse": 8.447216449762863, "mae": 6.534582918411727, "var": 170.52925421280457}, "test_set_evaluation": {"r2": 0.27817238707260705, "mse": 191.6524495083521, "rmse": 13.843859631921731, "mae": 10.89805419329478, "var": 159.2162646788528}}