{"training_set_evaluation": {"r2": 0.47092695678054697, "r2adj": 0.46197857549987964, "meanSquaredError": 144.7298967124127, "meanAbsoluteError": 9.490425824468149, "rootMeanSquaredError": 12.030373922385484, "explainedVariance": 128.8238187286799}, "test_set_evaluation": {"r2": 0.4248290616443625, "mse": 152.71363584280527, "rmse": 12.357735870409485, "mae": 9.723026877443727, "var": 127.50885365168085}}