{"train_set_evaluation": {"r2": 0.5396372965742257, "mse": 125.93392797263122, "rmse": 11.222028692381393, "mae": 8.720336753639511, "var": 147.6197874684582}, "test_set_evaluation": {"r2": 0.3142549345807051, "mse": 182.07217231947698, "rmse": 13.493412182227184, "mae": 10.550124864553334, "var": 127.0837548909489}}