{"train_set_evaluation": {"r2": 0.9291611344623745, "mse": 19.378234865450175, "rmse": 4.40207165610127, "mae": 3.402838551304479, "var": 194.15287713820393}, "test_set_evaluation": {"r2": 0.39142449210040065, "mse": 161.5828831024226, "rmse": 12.711525600903403, "mae": 10.368427706552707, "var": 137.5354276180927}}