{"train_set_evaluation": {"r2": 0.6388496455295912, "mse": 99.22226567336011, "rmse": 9.961037379377718, "mae": 7.81153582483262, "var": 156.40540633663176}, "test_set_evaluation": {"r2": 0.35522699725787454, "mse": 164.60287153717374, "rmse": 12.829765061651509, "mae": 9.771786631235711, "var": 178.62783309089653}}