{"train_set_evaluation": {"r2": 0.5105030269278121, "mse": 134.4841507346597, "rmse": 11.596730174262902, "mae": 9.137949979026507, "var": 140.2553433435351}, "test_set_evaluation": {"r2": 0.3598449456926406, "mse": 163.4239642787427, "rmse": 12.78373827480611, "mae": 9.823369383052706, "var": 163.82504203998982}}