{"train_set_evaluation": {"r2": 0.5296475712496249, "mse": 129.2243883133273, "rmse": 11.367690544403787, "mae": 8.954570192361258, "var": 122.65155854377636}, "test_set_evaluation": {"r2": 0.43639560374794084, "mse": 143.88149261759247, "rmse": 11.995061176067109, "mae": 9.321340758939956, "var": 141.17108464824935}}