{"train_set_evaluation": {"r2": 0.6077477830638568, "mse": 107.69162261660497, "rmse": 10.37745742542965, "mae": 8.000923515113074, "var": 141.52724744034134}, "test_set_evaluation": {"r2": 0.2315676868144183, "mse": 198.00148478356488, "rmse": 14.07130003885799, "mae": 11.099375442895116, "var": 137.92860840415761}}