{"train_set_evaluation": {"r2": 0.40221007771142714, "r2adj": 0.39721113759472826, "meanSquaredError": 164.12135849213283, "meanAbsoluteError": 10.183925779761799, "rootMeanSquaredError": 12.810985851687326, "explainedVariance": 110.42552223114184}, "test_set_evaluation": {"r2": 0.3898780907384233, "mse": 157.20973969974162, "rmse": 12.538330817925551, "mae": 10.282958067971286, "var": 113.01573971575404}}