{"train_set_evaluation": {"r2": 0.5191022458862111, "mse": 132.02897833876614, "rmse": 11.490386344190787, "mae": 8.942549872827799, "var": 142.5179023845134}, "test_set_evaluation": {"r2": 0.23992245008865476, "mse": 195.8487180337438, "rmse": 13.994596029673161, "mae": 10.97990144675638, "var": 156.3970812999072}}