{"train_set_evaluation": {"r2": 0.5354617967187678, "mse": 127.53751468765395, "rmse": 11.293250846751521, "mae": 8.799919977123281, "var": 118.84311878579625}, "test_set_evaluation": {"r2": 0.3465765831321055, "mse": 168.3672127162975, "rmse": 12.975639202609539, "mae": 10.595341769758344, "var": 121.6186085584162}}