{"train_set_evaluation": {"r2": 0.35196848242960277, "r2adj": 0.3515288409658508, "meanSquaredError": 176.43462507120307, "meanAbsoluteError": 10.425820668065898, "rootMeanSquaredError": 13.282869609809586, "explainedVariance": 95.82778854209799}, "test_set_evaluation": {"r2": 0.4232343945507482, "mse": 160.0642520329508, "rmse": 12.65165017035133, "mae": 9.805304982788652, "var": 94.91201830809744}}