{"train_set_evaluation": {"r2": 0.32381264197633053, "r2adj": 0.32335389885691146, "meanSquaredError": 184.10040215032183, "meanAbsoluteError": 10.648771436179599, "rootMeanSquaredError": 13.568360333891558, "explainedVariance": 88.1620114629711}, "test_set_evaluation": {"r2": 0.39235692471078154, "mse": 168.63338144689106, "rmse": 12.985891630800369, "mae": 10.049243413070544, "var": 86.31809722490662}}