{"train_set_evaluation": {"r2": 0.4801189239704148, "r2adj": 0.47976622310472306, "meanSquaredError": 141.54407655169206, "meanAbsoluteError": 9.453983541957854, "rootMeanSquaredError": 11.897229784773094, "explainedVariance": 130.71833706165154}, "test_set_evaluation": {"r2": 0.5407495801200213, "mse": 127.45138451286398, "rmse": 11.289436855435438, "mae": 9.046497990917569, "var": 141.19610738379856}}