{"train_set_evaluation": {"r2": 0.4495890858653646, "r2adj": 0.44921567276215246, "meanSquaredError": 149.85620396139618, "meanAbsoluteError": 9.665757060243498, "rootMeanSquaredError": 12.241576857635465, "explainedVariance": 122.40620965189439}, "test_set_evaluation": {"r2": 0.519993240228437, "mse": 133.21169335981804, "rmse": 11.541737016576754, "mae": 9.117224308502532, "var": 127.86583418771075}}