{"train_set_evaluation": {"r2": 0.3968155876341737, "r2adj": 0.39640637161492953, "meanSquaredError": 164.2244439646372, "meanAbsoluteError": 10.083971493169205, "rootMeanSquaredError": 12.81500854329162, "explainedVariance": 108.03796964865506}, "test_set_evaluation": {"r2": 0.47014845356933177, "mse": 147.04464112742494, "rmse": 12.1261964823033, "mae": 9.449647002323404, "var": 109.2914285024422}}