{"train_set_evaluation": {"r2": 0.07622887753874141, "r2adj": 0.049059138642822075, "meanSquaredError": 348.5582322936227, "meanAbsoluteError": 15.045046874463516, "rootMeanSquaredError": 18.669714306695287, "explainedVariance": 28.762755360700087}, "test_set_evaluation": {"r2": 0.4382014763382538, "mse": 208.00590338576154, "rmse": 14.422409763481328, "mae": 13.93396095734716, "var": 121.2982738719902}}