{"train_set_evaluation": {"r2": 0.13657648813772216, "r2adj": 0.11118167896530229, "meanSquaredError": 325.7878122598369, "meanAbsoluteError": 14.250135054408512, "rootMeanSquaredError": 18.049593132805985, "explainedVariance": 51.533175394483905}, "test_set_evaluation": {"r2": 0.5867728976959686, "mse": 152.99733462806762, "rmse": 12.369209135109148, "mae": 11.614419726107494, "var": 176.3613592981328}}