{"train_set_evaluation": {"r2": 0.033931905751788616, "r2adj": 0.0055181382739000195, "meanSquaredError": 364.5177674630626, "meanAbsoluteError": 15.542901708163924, "rootMeanSquaredError": 19.092348400944882, "explainedVariance": 12.80322019125904}, "test_set_evaluation": {"r2": 0.2558505549839195, "mse": 275.5213320172038, "rmse": 16.59883526086104, "mae": 16.151470193497623, "var": 84.87289713406517}}