{"train_set_evaluation": {"r2": 0.23766003319464113, "r2adj": 0.21523826946507174, "meanSquaredError": 287.6468692033602, "meanAbsoluteError": 12.655184874345748, "rootMeanSquaredError": 16.960155341368786, "explainedVariance": 89.67411845096406}, "test_set_evaluation": {"r2": 0.706917774044419, "mse": 108.51369416005383, "rmse": 10.41699064797765, "mae": 8.791078195907282, "var": 268.16990804098714}}