{"train_set_evaluation": {"r2": 0.047151183168157806, "r2adj": 0.01912621796722125, "meanSquaredError": 359.52985665224173, "meanAbsoluteError": 15.34620063692678, "rootMeanSquaredError": 18.961272548334982, "explainedVariance": 17.79113100207744}, "test_set_evaluation": {"r2": 0.32452884658776504, "mse": 250.09319455088, "rmse": 15.814335096705141, "mae": 15.369941895020613, "var": 95.93586007928297}}