{"train_set_evaluation": {"r2": 0.09648020850203232, "r2adj": 0.06990609698738615, "meanSquaredError": 340.91698009323926, "meanAbsoluteError": 14.797931581640057, "rootMeanSquaredError": 18.463937285780606, "explainedVariance": 36.404007561082025}, "test_set_evaluation": {"r2": 0.4980465426201238, "mse": 185.84826759489914, "rmse": 13.632617782175922, "mae": 13.079202126523821, "var": 139.53606049632435}}