{"train_set_evaluation": {"r2": 0.4266037140480923, "r2adj": 0.426211312825884, "meanSquaredError": 155.22800880412248, "meanAbsoluteError": 9.876140920539418, "rootMeanSquaredError": 12.459053286832129, "explainedVariance": 115.48879318283409}, "test_set_evaluation": {"r2": 0.49848875748021015, "mse": 145.86287853455093, "rmse": 12.077370514087532, "mae": 9.655337749782415, "var": 120.74095351904437}}