{"train_set_evaluation": {"r2": 0.42635978637353433, "r2adj": 0.42596721822049655, "meanSquaredError": 155.2940441240949, "meanAbsoluteError": 9.878263049511459, "rootMeanSquaredError": 12.461703098858314, "explainedVariance": 115.42275786285917}, "test_set_evaluation": {"r2": 0.49826746505093966, "mse": 145.92724070232433, "rmse": 12.080034797231518, "mae": 9.657454209572446, "var": 120.71601900284253}}