{"train_set_evaluation": {"r2": 0.4270968895177615, "r2adj": 0.42670482579801317, "meanSquaredError": 155.09449791815518, "meanAbsoluteError": 9.870575008948206, "rootMeanSquaredError": 12.453694147446981, "explainedVariance": 115.62230406882544}, "test_set_evaluation": {"r2": 0.4991326146030809, "mse": 145.67561482968352, "rmse": 12.069615355498431, "mae": 9.64952885703148, "var": 120.88020247670147}}