{"train_set_evaluation": {"r2": 0.4264203181444485, "r2adj": 0.4260277914160615, "meanSquaredError": 155.2776571566544, "meanAbsoluteError": 9.877341286736687, "rootMeanSquaredError": 12.461045588418912, "explainedVariance": 115.43914483039298}, "test_set_evaluation": {"r2": 0.49853869240911597, "mse": 145.84835512639555, "rmse": 12.076769233797405, "mae": 9.654474387193718, "var": 120.71275862006199}}