{"train_set_evaluation": {"r2": 0.42640601649229504, "r2adj": 0.4260134799766354, "meanSquaredError": 155.28152885418854, "meanAbsoluteError": 9.877280726768191, "rootMeanSquaredError": 12.461200939483664, "explainedVariance": 115.43527313283684}, "test_set_evaluation": {"r2": 0.49835515063218805, "mse": 145.90173764236778, "rmse": 12.078979163918108, "mae": 9.656616849459885, "var": 120.69407390193919}}