{"train_set_evaluation": {"r2": 0.4262816165309228, "r2adj": 0.4258889948826976, "meanSquaredError": 155.31520601389855, "meanAbsoluteError": 9.878422690306762, "rootMeanSquaredError": 12.462552146887834, "explainedVariance": 115.40159597311073}, "test_set_evaluation": {"r2": 0.49817159566544356, "mse": 145.9551239945543, "rmse": 12.08118884855933, "mae": 9.658014298244723, "var": 120.72424080479031}}