{"train_set_evaluation": {"r2": 0.42642237381427384, "r2adj": 0.42602984849267533, "meanSquaredError": 155.27710065229337, "meanAbsoluteError": 9.877437240599626, "rootMeanSquaredError": 12.461023258637043, "explainedVariance": 115.43970133467171}, "test_set_evaluation": {"r2": 0.4983834420447294, "mse": 145.8935091790329, "rmse": 12.078638548240148, "mae": 9.656091119143099, "var": 120.68976268741221}}