{"train_set_evaluation": {"r2": 0.42736220889708476, "r2adj": 0.4269703267474848, "meanSquaredError": 155.0226715042796, "meanAbsoluteError": 9.880533280404322, "rootMeanSquaredError": 12.450810074219252, "explainedVariance": 115.69413048268765}, "test_set_evaluation": {"r2": 0.49718458635830887, "mse": 146.24219237203613, "rmse": 12.093063812452002, "mae": 9.686458216867836, "var": 121.00644802456885}}