{"train_set_evaluation": {"r2": 0.4264103897467494, "r2adj": 0.4260178562239072, "meanSquaredError": 155.28034494072838, "meanAbsoluteError": 9.878180741650128, "rootMeanSquaredError": 12.461153435405905, "explainedVariance": 115.43645704625062}, "test_set_evaluation": {"r2": 0.4984628268359963, "mse": 145.87042037626176, "rmse": 12.077682740338139, "mae": 9.655496768936876, "var": 120.69311803967501}}