{"train_set_evaluation": {"r2": 0.4335508377512234, "r2adj": 0.431978459785231, "meanSquaredError": 155.62595625724504, "meanAbsoluteError": 9.926956262747233, "rootMeanSquaredError": 12.475013276836423, "explainedVariance": 119.11353782095198}, "test_set_evaluation": {"r2": 0.43588466127429915, "mse": 144.0119301483111, "rmse": 12.00049707921764, "mae": 9.315474059221003, "var": 153.30423995778696}}