{"train_set_evaluation": {"r2": 0.42666697940235243, "r2adj": 0.42627462147551054, "meanSquaredError": 155.21088180974058, "meanAbsoluteError": 9.87586540027406, "rootMeanSquaredError": 12.45836593658015, "explainedVariance": 115.50592017721416}, "test_set_evaluation": {"r2": 0.4983351918444149, "mse": 145.9075425894753, "rmse": 12.079219452823734, "mae": 9.657946400357647, "var": 120.78587217709762}}