{"train_set_evaluation": {"r2": 0.42629515800822815, "r2adj": 0.4259025456270533, "meanSquaredError": 155.31154010846828, "meanAbsoluteError": 9.878379989274118, "rootMeanSquaredError": 12.462405069185815, "explainedVariance": 115.40526187849605}, "test_set_evaluation": {"r2": 0.4982922358854991, "mse": 145.9200361873978, "rmse": 12.079736594288711, "mae": 9.656370410937116, "var": 120.66727767695583}}