{"train_set_evaluation": {"r2": 0.4262807841125841, "r2adj": 0.425888161894697, "meanSquaredError": 155.31543136352911, "meanAbsoluteError": 9.879080851635655, "rootMeanSquaredError": 12.462561187955272, "explainedVariance": 115.40137062349699}, "test_set_evaluation": {"r2": 0.4981861340050272, "mse": 145.95089556679238, "rmse": 12.081013846809066, "mae": 9.658479270839235, "var": 120.70789789330378}}