{"train_set_evaluation": {"r2": 0.4263698564920362, "r2adj": 0.4259772952304396, "meanSquaredError": 155.29131797381848, "meanAbsoluteError": 9.877829874420264, "rootMeanSquaredError": 12.461593717250555, "explainedVariance": 115.42548401311804}, "test_set_evaluation": {"r2": 0.49829891930142534, "mse": 145.9180923380824, "rmse": 12.07965613492712, "mae": 9.65669136536975, "var": 120.74106276735459}}