{"train_set_evaluation": {"r2": 0.4263302323498853, "r2adj": 0.42593764397168166, "meanSquaredError": 155.30204489486303, "meanAbsoluteError": 9.877842415371259, "rootMeanSquaredError": 12.462024109062822, "explainedVariance": 115.41475709214552}, "test_set_evaluation": {"r2": 0.4984679209366708, "mse": 145.86893877400655, "rmse": 12.077621403819816, "mae": 9.65499977560966, "var": 120.6837305752474}}