{"train_set_evaluation": {"r2": 0.4264477850310383, "r2adj": 0.4260552770994941, "meanSquaredError": 155.2702214089563, "meanAbsoluteError": 9.877675312948577, "rootMeanSquaredError": 12.4607472251449, "explainedVariance": 115.44658057808303}, "test_set_evaluation": {"r2": 0.498271996268292, "mse": 145.92592281281307, "rmse": 12.079980248858567, "mae": 9.658137230149023, "var": 120.73353588259303}}