{"train_set_evaluation": {"r2": 0.42654052529685904, "r2adj": 0.4261480808317072, "meanSquaredError": 155.24511506077786, "meanAbsoluteError": 9.876431640084599, "rootMeanSquaredError": 12.45973976697659, "explainedVariance": 115.47168692620137}, "test_set_evaluation": {"r2": 0.49855272482411206, "mse": 145.84427384511892, "rmse": 12.076600260218889, "mae": 9.653933550380266, "var": 120.74601714558115}}