{"train_set_evaluation": {"f1": 0.3901343877162575, "accuracy": 0.4116452268111036, "weightedPrecision": 0.4900970265074353, "weightedRecall": 0.4116452268111036, "weightedTruePositiveRate": 0.4116452268111036, "weightedFalsePositiveRate": 0.14484030066649328, "weightedFMeasure": 0.3901343877162575, "truePositiveRateByLabel": 0.6507936507936508, "falsePositiveRateByLabel": 0.0963855421686747, "precisionByLabel": 0.6466876971608833, "recallByLabel": 0.6507936507936508, "fMeasureByLabel": 0.6487341772151899}, "test_set_evaluation": {"f1": 0.2336275342875922, "accuracy": 0.25170068027210885, "weightedPrecision": 0.302912949307435, "weightedRecall": 0.25170068027210885, "weightedTruePositiveRate": 0.25170068027210885, "weightedFalsePositiveRate": 0.1684399352890378, "weightedFMeasure": 0.2336275342875922, "truePositiveRateByLabel": 0.5238095238095238, "falsePositiveRateByLabel": 0.07142857142857142, "precisionByLabel": 0.55, "recallByLabel": 0.5238095238095238, "fMeasureByLabel": 0.5365853658536585}}