{"train_set_evaluation": {"f1": 0.3246754902968256, "accuracy": 0.35047361299052776, "weightedPrecision": 0.32652085357629984, "weightedRecall": 0.3504736129905277, "weightedTruePositiveRate": 0.3504736129905277, "weightedFalsePositiveRate": 0.16007662800940423, "weightedFMeasure": 0.3246754902968256, "truePositiveRateByLabel": 0.7804054054054054, "falsePositiveRateByLabel": 0.20642978003384094, "precisionByLabel": 0.4863157894736842, "recallByLabel": 0.7804054054054054, "fMeasureByLabel": 0.5992217898832685}, "test_set_evaluation": {"f1": 0.32103218645948944, "accuracy": 0.3698630136986301, "weightedPrecision": 0.313862598588626, "weightedRecall": 0.3698630136986301, "weightedTruePositiveRate": 0.3698630136986301, "weightedFalsePositiveRate": 0.16127129324328288, "weightedFMeasure": 0.32103218645948944, "truePositiveRateByLabel": 0.85, "falsePositiveRateByLabel": 0.24528301886792453, "precisionByLabel": 0.5666666666666667, "recallByLabel": 0.85, "fMeasureByLabel": 0.68}}