{"train_set_evaluation": {"accuracy": 0.24306025727826674, "falsePositiveRateByLabel": [0.6222030981067126, 0.2043103448275862, 0.0676246830092984, 0.06638297872340425, 0.0], "precisionByLabel": [0.24054621848739496, 0.22549019607843138, 0.23809523809523808, 0.3157894736842105, 0.0], "recallByLabel": [0.726984126984127, 0.21766561514195584, 0.08503401360544217, 0.11920529801324503, 0.0], "truePositiveRateByLabel": [0.726984126984127, 0.21766561514195584, 0.08503401360544217, 0.11920529801324503, 0.0], "weightedFalsePositiveRate": 0.20358136194526819, "weightedPrecision": 0.2116593581807879, "weightedRecall": 0.24306025727826672, "weightedTruePositiveRate": 0.24306025727826672, "fMeasureByLabel": [0.3614838200473559, 0.22150882825040127, 0.12531328320802004, 0.17307692307692307, 0.0], "weightedFMeasure": 0.18496752735455854}, "test_set_evaluation": {"f1": 0.17040432839979874, "accuracy": 0.19727891156462585, "weightedPrecision": 0.2780346266561805, "weightedRecall": 0.19727891156462585, "weightedTruePositiveRate": 0.19727891156462585, "weightedFalsePositiveRate": 0.14708861973993137, "weightedFMeasure": 0.17040432839979874, "truePositiveRateByLabel": 0.6666666666666666, "falsePositiveRateByLabel": 0.6428571428571429, "precisionByLabel": 0.14736842105263157, "recallByLabel": 0.6666666666666666, "fMeasureByLabel": 0.24137931034482757}}