{"train_set_evaluation": {"accuracy": 0.5118483412322274, "falsePositiveRateByLabel": [0.10585197934595525, 0.125, 0.07185122569737955, 0.2723404255319149, 0.03908794788273615], "precisionByLabel": [0.6554621848739496, 0.48214285714285715, 0.5549738219895288, 0.39849624060150374, 0.5897435897435898], "recallByLabel": [0.7428571428571429, 0.42586750788643535, 0.36054421768707484, 0.7019867549668874, 0.27710843373493976], "truePositiveRateByLabel": [0.7428571428571429, 0.42586750788643535, 0.36054421768707484, 0.7019867549668874, 0.27710843373493976], "weightedFalsePositiveRate": 0.12597991969021333, "weightedPrecision": 0.5346406202588417, "weightedRecall": 0.5118483412322274, "weightedTruePositiveRate": 0.5118483412322274, "fMeasureByLabel": [0.6964285714285715, 0.4522613065326633, 0.43711340206185567, 0.5083932853717026, 0.3770491803278688], "weightedFMeasure": 0.5001172596214851}, "test_set_evaluation": {"f1": 0.24837128445521423, "accuracy": 0.2653061224489796, "weightedPrecision": 0.2798037701558924, "weightedRecall": 0.2653061224489796, "weightedTruePositiveRate": 0.2653061224489796, "weightedFalsePositiveRate": 0.18429034116189452, "weightedFMeasure": 0.24837128445521423, "truePositiveRateByLabel": 0.47619047619047616, "falsePositiveRateByLabel": 0.12698412698412698, "precisionByLabel": 0.38461538461538464, "recallByLabel": 0.47619047619047616, "fMeasureByLabel": 0.42553191489361697}}