{"train_set_evaluation": {"f1": 0.4164846251427851, "accuracy": 0.41922290388548056, "weightedPrecision": 0.41826899123508776, "weightedRecall": 0.4192229038854806, "weightedTruePositiveRate": 0.4192229038854806, "weightedFalsePositiveRate": 0.1450233267247992, "weightedFMeasure": 0.4164846251427851, "truePositiveRateByLabel": 0.6883116883116883, "falsePositiveRateByLabel": 0.09404659188955997, "precisionByLabel": 0.660436137071651, "recallByLabel": 0.6883116883116883, "fMeasureByLabel": 0.6740858505564388}, "test_set_evaluation": {"f1": 0.34774050124619793, "accuracy": 0.3503184713375796, "weightedPrecision": 0.3542087360982281, "weightedRecall": 0.3503184713375796, "weightedTruePositiveRate": 0.3503184713375796, "weightedFalsePositiveRate": 0.16980863699707288, "weightedFMeasure": 0.34774050124619793, "truePositiveRateByLabel": 0.5714285714285714, "falsePositiveRateByLabel": 0.10852713178294573, "precisionByLabel": 0.5333333333333333, "recallByLabel": 0.5714285714285714, "fMeasureByLabel": 0.5517241379310344}}