{"train_set_evaluation": {"f1": 0.3507260864709279, "accuracy": 0.37314439946018896, "weightedPrecision": 0.3506471075552824, "weightedRecall": 0.3731443994601889, "weightedTruePositiveRate": 0.3731443994601889, "weightedFalsePositiveRate": 0.16020869220953568, "weightedFMeasure": 0.3507260864709279, "truePositiveRateByLabel": 0.7947019867549668, "falsePositiveRateByLabel": 0.17203389830508475, "precisionByLabel": 0.5417607223476298, "recallByLabel": 0.7947019867549668, "fMeasureByLabel": 0.6442953020134229}, "test_set_evaluation": {"f1": 0.3659169544676132, "accuracy": 0.3873239436619718, "weightedPrecision": 0.3829950632595772, "weightedRecall": 0.3873239436619718, "weightedTruePositiveRate": 0.3873239436619718, "weightedFalsePositiveRate": 0.14394841615170118, "weightedFMeasure": 0.3659169544676132, "truePositiveRateByLabel": 0.8235294117647058, "falsePositiveRateByLabel": 0.14814814814814814, "precisionByLabel": 0.6363636363636364, "recallByLabel": 0.8235294117647058, "fMeasureByLabel": 0.717948717948718}}