{"train_set_evaluation": {"accuracy": 0.19959404600811909, "falsePositiveRateByLabel": [0.0, 0.0, 1.0, 0.0, 0.0], "precisionByLabel": [0.0, 0.0, 0.19959404600811909, 0.0, 0.0], "recallByLabel": [0.0, 0.0, 1.0, 0.0, 0.0], "truePositiveRateByLabel": [0.0, 0.0, 1.0, 0.0, 0.0], "weightedFalsePositiveRate": 0.19959404600811909, "weightedPrecision": 0.03983778320189116, "weightedRecall": 0.19959404600811909, "weightedTruePositiveRate": 0.19959404600811909, "fMeasureByLabel": [0.0, 0.0, 0.3327693175408911, 0.0, 0.0], "weightedFMeasure": 0.06641877447534701}, "test_set_evaluation": {"f1": 0.12314116181964692, "accuracy": 0.2808219178082192, "weightedPrecision": 0.0788609495214862, "weightedRecall": 0.2808219178082192, "weightedTruePositiveRate": 0.2808219178082192, "weightedFalsePositiveRate": 0.2808219178082192, "weightedFMeasure": 0.12314116181964692, "truePositiveRateByLabel": 0.0, "falsePositiveRateByLabel": 0.0, "precisionByLabel": 0.0, "recallByLabel": 0.0, "fMeasureByLabel": 0.0}}