{"train_set_evaluation": {"accuracy": 0.4185412406271302, "falsePositiveRateByLabel": [0.11993097497842968, 0.0997420464316423, 0.15213675213675212, 0.21373390557939914, 0.1412056151940545], "precisionByLabel": [0.6212534059945504, 0.366120218579235, 0.3527272727272727, 0.3215258855585831, 0.3781818181818182], "recallByLabel": [0.7402597402597403, 0.22039473684210525, 0.3265993265993266, 0.39072847682119205, 0.40625], "truePositiveRateByLabel": [0.7402597402597403, 0.22039473684210525, 0.3265993265993266, 0.39072847682119205, 0.40625], "weightedFalsePositiveRate": 0.14529053494740798, "weightedPrecision": 0.4098990854721517, "weightedRecall": 0.4185412406271302, "weightedTruePositiveRate": 0.4185412406271302, "fMeasureByLabel": [0.6755555555555555, 0.2751540041067762, 0.33916083916083917, 0.35276532137518685, 0.391713747645951], "weightedFMeasure": 0.40849525837969336}, "test_set_evaluation": {"f1": 0.3552596280249961, "accuracy": 0.3630573248407643, "weightedPrecision": 0.36039583446445234, "weightedRecall": 0.3630573248407643, "weightedTruePositiveRate": 0.3630573248407643, "weightedFalsePositiveRate": 0.1662994284847537, "weightedFMeasure": 0.3552596280249961, "truePositiveRateByLabel": 0.6785714285714286, "falsePositiveRateByLabel": 0.11627906976744186, "precisionByLabel": 0.5588235294117647, "recallByLabel": 0.6785714285714286, "fMeasureByLabel": 0.6129032258064516}}