{"train_set_evaluation": {"f1": 0.287134805936358, "accuracy": 0.3836265223274696, "weightedPrecision": 0.23853673444718448, "weightedRecall": 0.3836265223274695, "weightedTruePositiveRate": 0.3836265223274695, "weightedFalsePositiveRate": 0.16027871107878644, "weightedFMeasure": 0.287134805936358, "truePositiveRateByLabel": 0.8359621451104101, "falsePositiveRateByLabel": 0.21963824289405684, "precisionByLabel": 0.5096153846153846, "recallByLabel": 0.8359621451104101, "fMeasureByLabel": 0.6332138590203106}, "test_set_evaluation": {"f1": 0.15498876701466896, "accuracy": 0.2534246575342466, "weightedPrecision": 0.11738306281416677, "weightedRecall": 0.2534246575342466, "weightedTruePositiveRate": 0.2534246575342466, "weightedFalsePositiveRate": 0.1322283234694473, "weightedFMeasure": 0.15498876701466896, "truePositiveRateByLabel": 0.8421052631578947, "falsePositiveRateByLabel": 0.2755905511811024, "precisionByLabel": 0.3137254901960784, "recallByLabel": 0.8421052631578947, "fMeasureByLabel": 0.45714285714285713}}